id,group,first_name,last_name,email,street_address
1,The Avengers,Elias,Ricson,ericson0@tripod.com,40 Goodland Hill
2,Team A,Frankie,McKeurtan,fmckeurtan1@360.cn,1319 Coolidge Court
3,Group 1,Lauraine,Pilipets,lpilipets2@php.net,5 Kensington Parkway
4,Alpha Squad,Port,Connelly,pconnelly3@nationalgeographic.com,7873 Mccormick Road
5,Group 1,Farlie,Kitchiner,fkitchiner4@nba.com,0639 Cherokee Street
6,,Noah,Walburn,nwalburn5@amazon.de,21 Hooker Alley
7,Group 1,Rodolph,Upton,rupton6@1688.com,83 Grim Trail
8,Squadron X,Case,Davley,cdavley7@oracle.com,193 Michigan Center
9,Alpha Squad,Lexy,Lantiffe,llantiffe8@creativecommons.org,7 Cardinal Street
10,Alpha Squad,Arlyn,Gumn,agumn9@people.com.cn,24955 Graedel Lane
11,Team A,Marcile,Garioch,mgariocha@alexa.com,35 Fuller Street
12,Alpha Squad,Tallie,Dupree,tdupreeb@squarespace.com,11148 Commercial Plaza
13,Squadron X,Lorrin,Aldhous,laldhousc@senate.gov,72712 North Way
14,Team A,Rea,Koubek,rkoubekd@foxnews.com,71443 Monument Hill
15,Group 1,Tobye,Tabour,ttaboure@illinois.edu,2 Talisman Way
16,The Avengers,Iolande,Doodson,idoodsonf@goodreads.com,84577 Summerview Hill
17,Alpha Squad,Catlee,Pakes,cpakesg@businessinsider.com,5963 Bellgrove Trail
18,,Josey,Jurca,jjurcah@netscape.com,76 Melby Hill
19,,Hailee,Hruska,hhruskai@ebay.co.uk,85 Nelson Junction
20,Group 1,Gerri,Laughtisse,glaughtissej@prlog.org,2350 Westerfield Plaza
21,Team A,Federico,Hilliam,,4 School Park
22,,Lynett,McConnal,,2600 Warrior Point
23,Alpha Squad,Salaidh,Bowlands,sbowlandsm@forbes.com,87103 High Crossing Place
24,Alpha Squad,Kalina,Otto,kotton@google.it,12704 Hollow Ridge Terrace
25,Squadron X,Westbrook,Orknay,worknayo@linkedin.com,15 Sachs Point
26,The Avengers,Ruthann,Linnemann,rlinnemannp@hexun.com,057 South Junction
27,Group 1,Silvie,Emmer,semmerq@hc360.com,50 Meadow Vale Pass
28,Alpha Squad,Ambrosi,Eadmeads,aeadmeadsr@godaddy.com,488 Coleman Hill
29,Group 1,Annissa,Kearle,akearles@ed.gov,8 Lawn Circle
30,Team A,Ethelred,Bebb,ebebbt@storify.com,29 Fairfield Crossing
31,Team A,Legra,Vere,lvereu@jigsy.com,704 Oneill Avenue
32,,Delainey,Reardon,dreardonv@cnbc.com,29399 Parkside Road
33,The Avengers,Tami,Quodling,tquodlingw@blogger.com,53 Brickson Park Terrace
34,Group 1,Giusto,Tackle,gtacklex@wp.com,70179 Starling Place
35,Group 1,Jill,Beckley,jbeckleyy@ucla.edu,0250 Continental Park
36,The Avengers,Joyann,Oliff,joliffz@engadget.com,98326 2nd Road
37,,,Brewse,nbrewse10@blogger.com,070 Elmside Drive
38,Team A,Ede,Haking,ehaking11@desdev.cn,7917 Corben Center
39,Group 1,Ethelred,Elmes,eelmes12@51.la,8 Prairie Rose Plaza
40,Squadron X,Marcela,Veitch,mveitch13@eepurl.com,09575 Kenwood Park
41,Team A,Tommie,Tommasi,,184 Burrows Avenue
42,Squadron X,Tull,Davydoch,tdavydoch15@wikispaces.com,2 Northwestern Plaza
43,The Avengers,Katrine,Jenckes,kjenckes16@eventbrite.com,43 Hoepker Park
44,The Avengers,,Croxford,mcroxford17@bloglovin.com,27 Bartillon Avenue
45,Team A,Cheslie,Borel,cborel18@nationalgeographic.com,4339 Thompson Crossing
46,Alpha Squad,Esmeralda,Daal,edaal19@wordpress.com,56 Rieder Circle
47,Group 1,Emilio,Aucourte,eaucourte1a@goo.gl,05506 Clarendon Point
48,Squadron X,Jenelle,Leahair,jleahair1b@homestead.com,8 Elmside Way
49,Group 1,Stacee,Villalta,svillalta1c@ow.ly,234 Holmberg Alley
50,Group 1,Franciska,Antoszczyk,fantoszczyk1d@discuz.net,92237 Rockefeller Alley
51,Group 1,,Killingbeck,ckillingbeck1e@bravesites.com,58138 Riverside Trail
52,Alpha Squad,Carlina,Tweede,ctweede1f@cargocollective.com,1 Bowman Drive
53,Team A,Gerianna,Phillimore,gphillimore1g@vimeo.com,0090 Laurel Place
54,,,Tytterton,atytterton1h@spiegel.de,3 Pleasure Terrace
55,Alpha Squad,Sisile,Denford,sdenford1i@unc.edu,787 Rutledge Lane
56,,Paulita,Petrello,ppetrello1j@sbwire.com,644 Dexter Center
57,Alpha Squad,,Mangin,cmangin1k@imageshack.us,40456 Corscot Alley
58,Squadron X,Pris,Rennocks,prennocks1l@stanford.edu,14 Dayton Street
59,Team A,Aurelia,McGaugie,amcgaugie1m@sitemeter.com,27 Service Point
60,Alpha Squad,Mark,McBrier,mmcbrier1n@nsw.gov.au,9380 Superior Point
61,Squadron X,Derwin,Franzen,dfranzen1o@360.cn,4 Forster Hill
62,Group 1,Hilario,Pavlov,hpavlov1p@bloomberg.com,71293 Rieder Way
63,Team A,Sasha,Roche,sroche1q@biglobe.ne.jp,341 Cambridge Road
64,Group 1,Munmro,Beaglehole,mbeaglehole1r@amazon.de,296 Michigan Point
65,The Avengers,Hamish,Hamberston,hhamberston1s@ted.com,2 Mitchell Court
66,The Avengers,Koren,Pikett,kpikett1t@prweb.com,04019 Di Loreto Trail
67,Group 1,Travus,Ruselin,truselin1u@nytimes.com,5 Scott Avenue
68,The Avengers,Noah,Citrine,ncitrine1v@sbwire.com,6 Helena Park
69,Alpha Squad,Hervey,Kubek,hkubek1w@japanpost.jp,0 Vidon Alley
70,Group 1,Marilyn,Smethurst,msmethurst1x@amazonaws.com,7 Oak Avenue
71,Group 1,Pavlov,Kirtland,pkirtland1y@about.com,11 Menomonie Street
72,Team A,Nikolia,McNeillie,nmcneillie1z@unesco.org,57415 Anniversary Center
73,Squadron X,Zaria,Gingell,zgingell20@imdb.com,489 Evergreen Crossing
74,Group 1,Calli,Chisholme,cchisholme21@wikispaces.com,3 Maryland Park
75,Alpha Squad,Cornelia,Germon,cgermon22@china.com.cn,496 Prairieview Parkway
76,Alpha Squad,Van,Blaszkiewicz,vblaszkiewicz23@shutterfly.com,04898 Vidon Place
77,Alpha Squad,Paola,Exter,pexter24@topsy.com,85670 Kim Lane
78,The Avengers,Jeffry,Leglise,jleglise25@reference.com,4338 Nancy Plaza
79,Group 1,Julianna,Davidson,jdavidson26@digg.com,585 Barby Avenue
80,Alpha Squad,Sabra,Matthaus,smatthaus27@bbb.org,4 6th Hill
81,Group 1,Verla,Johnson,vjohnson28@bravesites.com,468 Nancy Drive
82,Group 1,Theresina,MacAlaster,tmacalaster29@mac.com,906 Tomscot Crossing
83,Alpha Squad,Franklyn,Bedson,fbedson2a@ft.com,7031 Merrick Place
84,,Norina,Jaumet,njaumet2b@mlb.com,1 Hanson Alley
85,Squadron X,Lavina,Tidgewell,,40 Sherman Terrace
86,The Avengers,Karim,Mercer,kmercer2d@harvard.edu,5108 Lawn Park
87,Squadron X,Neal,McCaskill,,29 Monterey Drive
88,The Avengers,Abbi,Fulcher,afulcher2f@nifty.com,66 Weeping Birch Plaza
89,Group 1,Wallache,Dunnett,wdunnett2g@bandcamp.com,79581 Center Lane
90,Group 1,Earle,Mingardi,emingardi2h@dagondesign.com,1 Twin Pines Trail
91,Group 1,Sansone,Nisby,,777 Autumn Leaf Place
92,Squadron X,Christiano,Schachter,cschachter2j@state.gov,89431 Artisan Hill
93,The Avengers,Thain,Goucher,tgoucher2k@cbslocal.com,66023 Michigan Crossing
94,The Avengers,Bettina,Ackrill,,0 Sommers Terrace
95,Alpha Squad,Burnard,Farish,bfarish2m@smh.com.au,5568 Shopko Place
96,Alpha Squad,Obed,Sherwyn,osherwyn2n@noaa.gov,26780 Atwood Circle
97,Team A,Moishe,Ridings,mridings2o@kickstarter.com,86670 Browning Pass
98,Team A,Sandy,Bottrell,sbottrell2p@elpais.com,9726 Manley Plaza
99,Team A,Winfield,Ness,wness2q@lycos.com,445 Dapin Park
100,Group 1,Birk,Accum,baccum2r@slashdot.org,39 Susan Point
101,Group 1,Rob,Zuan,rzuan2s@wisc.edu,5 Ramsey Hill
102,Alpha Squad,Tilly,Archibould,tarchibould2t@kickstarter.com,383 Westport Lane
103,The Avengers,Hersh,Rilston,hrilston2u@vinaora.com,06997 Dunning Street
104,Squadron X,Klara,Fullerton,kfullerton2v@weebly.com,1455 Crest Line Hill
105,The Avengers,Christoforo,Ironmonger,cironmonger2w@discovery.com,6106 Carpenter Crossing
106,Alpha Squad,,Sanchis,isanchis2x@ovh.net,2419 Karstens Point
107,Squadron X,Madeline,Albrooke,malbrooke2y@umich.edu,198 Karstens Court
108,The Avengers,Rodney,Tallant,rtallant2z@rediff.com,153 Laurel Road
109,Squadron X,Moira,Huddle,mhuddle30@naver.com,9697 Birchwood Place
110,Alpha Squad,Feodora,Worlidge,fworlidge31@cnn.com,050 Havey Court
111,Group 1,Matty,Mallon,mmallon32@mashable.com,085 Homewood Place
112,The Avengers,Joshua,Kleis,jkleis33@engadget.com,921 Dunning Center
113,Group 1,Hillery,Mathe,hmathe34@salon.com,3 Moland Parkway
114,Alpha Squad,Barnaby,Babinski,bbabinski35@blinklist.com,6 Lerdahl Parkway
115,The Avengers,Kelly,Blaze,kblaze36@nationalgeographic.com,3 Sheridan Point
116,Squadron X,Anstice,Lease,alease37@t.co,640 Lerdahl Parkway
117,The Avengers,Lanie,Scothorne,lscothorne38@bing.com,79626 Amoth Circle
118,Group 1,Eugenius,Daintier,edaintier39@bluehost.com,17627 School Crossing
119,Alpha Squad,Peterus,Coutthart,,78789 Cordelia Alley
120,The Avengers,Johanna,Milbourn,jmilbourn3b@twitter.com,5 Golf Lane
121,Squadron X,Jamie,Menier,jmenier3c@tinypic.com,9542 Hoard Drive
122,Squadron X,Nefen,Cassels,ncassels3d@cnet.com,547 Dapin Drive
123,,Ilaire,Menpes,imenpes3e@alexa.com,761 Summer Ridge Trail
124,Alpha Squad,Amie,Achrameev,aachrameev3f@behance.net,852 Northfield Way
125,Alpha Squad,,Jurczik,zjurczik3g@vkontakte.ru,0072 Valley Edge Crossing
126,Team A,Jania,Evett,jevett3h@youtube.com,0 Gateway Street
127,Team A,,Simcox,rsimcox3i@psu.edu,436 Sheridan Center
128,Team A,Jordain,Bellew,jbellew3j@istockphoto.com,1 Ludington Lane
129,Alpha Squad,Sarajane,Ducaen,sducaen3k@tiny.cc,6938 Clyde Gallagher Pass
130,The Avengers,Maddi,Verrillo,mverrillo3l@wunderground.com,5341 1st Park
131,Alpha Squad,Gabbie,Ellam,gellam3m@wp.com,4856 Victoria Road
132,,Darlene,Whitehouse,dwhitehouse3n@surveymonkey.com,1545 Bay Junction
133,The Avengers,Ephrayim,Attoe,eattoe3o@bloomberg.com,90885 Elmside Avenue
134,Squadron X,Sholom,Rosie,srosie3p@cafepress.com,55 Union Hill
135,The Avengers,Tracy,Pennock,tpennock3q@nsw.gov.au,624 Northland Lane
136,The Avengers,Shalna,Trevethan,strevethan3r@angelfire.com,5 Eliot Park
137,Team A,Kiah,MacShane,kmacshane3s@soup.io,405 Barnett Road
138,Group 1,Lewiss,Bleddon,lbleddon3t@wix.com,61 Linden Way
139,The Avengers,Robinet,Rolley,rrolley3u@bigcartel.com,741 Buena Vista Crossing
140,Group 1,Tiphani,Tawton,ttawton3v@tinyurl.com,4 Dapin Junction
141,Squadron X,,Nadin,hnadin3w@quantcast.com,86599 Buhler Court
142,Team A,Terrill,Gribbin,tgribbin3x@house.gov,1 Alpine Place
143,The Avengers,Cosetta,Over,,0333 Swallow Place
144,Squadron X,Ruy,Shilston,rshilston3z@clickbank.net,5 Golf Course Trail
145,Group 1,Garland,Frensch,gfrensch40@ifeng.com,92024 Nelson Crossing
146,Team A,Kayle,Pinwill,kpinwill41@hexun.com,07 Marquette Street
147,Group 1,Kameko,Craddy,kcraddy42@parallels.com,6 Merchant Road
148,The Avengers,Manda,Hutchcraft,mhutchcraft43@oracle.com,7371 Heath Junction
149,Group 1,Latisha,Condliffe,lcondliffe44@wufoo.com,619 Holy Cross Street
150,Alpha Squad,Andria,Jeffree,ajeffree45@nps.gov,83227 Onsgard Circle
151,The Avengers,Cele,Baigrie,cbaigrie46@exblog.jp,6473 Southridge Parkway
152,,Winthrop,Gillbe,wgillbe47@buzzfeed.com,9802 Independence Pass
153,The Avengers,Philippe,Goldes,pgoldes48@dyndns.org,4265 Saint Paul Parkway
154,Squadron X,Leo,Paty,,00355 Lakewood Crossing
155,Squadron X,,Raiment,mraiment4a@techcrunch.com,4 Golf Road
156,Alpha Squad,Barrett,Camelin,bcamelin4b@auda.org.au,1 Namekagon Place
157,,Dominica,Rands,drands4c@alexa.com,42350 Hazelcrest Drive
158,Group 1,Wenona,Foye,wfoye4d@biglobe.ne.jp,27 Elmside Center
159,Squadron X,Steve,Wurst,,864 Annamark Junction
160,Alpha Squad,Merissa,Schowenburg,mschowenburg4f@nature.com,438 Heffernan Drive
161,Group 1,Christyna,Crumpe,,16397 Prentice Alley
162,,Luce,Dullaghan,,7958 Randy Court
163,Group 1,Swen,Wholesworth,swholesworth4i@biglobe.ne.jp,502 Maywood Street
164,The Avengers,Annamaria,Philipet,aphilipet4j@ox.ac.uk,4735 Myrtle Place
165,,Renie,Eldred,reldred4k@ebay.co.uk,20703 Packers Place
166,Team A,Elijah,Pover,epover4l@chron.com,67 Southridge Circle
167,Group 1,Sallee,Rathbone,srathbone4m@tamu.edu,95278 Di Loreto Park
168,Alpha Squad,Lucretia,Duigan,lduigan4n@theglobeandmail.com,8 Beilfuss Road
169,Squadron X,,Broose,dbroose4o@ucoz.ru,4 Veith Way
170,Team A,Kerwin,Yakebowitch,kyakebowitch4p@prnewswire.com,05328 Dorton Circle
171,Squadron X,Isidro,Storey,,22 Macpherson Alley
172,Alpha Squad,Goraud,Aynold,gaynold4r@cbsnews.com,2625 Twin Pines Pass
173,Squadron X,Stevana,Whoston,swhoston4s@amazon.com,66438 Westport Crossing
174,The Avengers,Hector,Shorie,,6 Blaine Way
175,The Avengers,Skipton,Spivie,sspivie4u@lycos.com,712 Hagan Pass
176,Alpha Squad,Phoebe,Champniss,pchampniss4v@de.vu,4270 Lakewood Gardens Drive
177,The Avengers,Enrico,Rawcliffe,erawcliffe4w@tripod.com,98458 Oakridge Trail
178,Squadron X,Ortensia,De Few,odefew4x@cargocollective.com,65735 Steensland Terrace
179,The Avengers,Valentina,Callaby,vcallaby4y@wordpress.com,0322 Schlimgen Crossing
180,Team A,Thatch,Easson,teasson4z@ucoz.ru,619 Gulseth Way
181,Team A,Shanon,Dearle-Palser,sdearlepalser50@arizona.edu,07 Lake View Place
182,The Avengers,Vyky,Le Sarr,vlesarr51@dyndns.org,444 Rockefeller Alley
183,Team A,Antonius,Whitaker,awhitaker52@woothemes.com,28533 Rutledge Pass
184,Team A,Betteanne,Cowser,bcowser53@noaa.gov,49 Quincy Pass
185,Squadron X,Glenn,Jendrusch,gjendrusch54@marriott.com,0089 Hayes Drive
186,Alpha Squad,,Lambird,clambird55@slideshare.net,0 Hanson Plaza
187,Squadron X,Hubert,Davidwitz,hdavidwitz56@loc.gov,476 Ilene Crossing
188,The Avengers,Lisbeth,Chadbourne,lchadbourne57@taobao.com,589 Merrick Alley
189,,Teirtza,Buxy,tbuxy58@microsoft.com,27530 Crowley Lane
190,Squadron X,Tony,Negro,tnegro59@qq.com,706 High Crossing Junction
191,Squadron X,Fabien,Temperton,ftemperton5a@nba.com,89106 Sunfield Place
192,The Avengers,Bette-ann,Pine,bpine5b@tinypic.com,798 Shoshone Way
193,Team A,Suellen,Hindhaugh,shindhaugh5c@zimbio.com,52885 Valley Edge Court
194,Alpha Squad,Alvis,Farrimond,afarrimond5d@cisco.com,8 Spenser Pass
195,Alpha Squad,Madlen,Persich,,56 Declaration Park
196,Alpha Squad,Halli,Drakes,hdrakes5f@apple.com,7 Grim Junction
197,The Avengers,Cissiee,Standbridge,cstandbridge5g@infoseek.co.jp,3 Springs Crossing
198,Alpha Squad,Cozmo,Bukac,cbukac5h@yahoo.co.jp,0 Derek Crossing
199,Group 1,Clarabelle,Widdowes,cwiddowes5i@nydailynews.com,22 Sloan Road
200,Squadron X,Marina,Gibb,mgibb5j@desdev.cn,0276 Menomonie Street
